{
  "project_info": {
    "project_number": "869927257766",
    "firebase_url": "https://company-client-sonshub-project.firebaseio.com",
    "project_id": "company-client-sonshub-project",
    "storage_bucket": "company-client-sonshub-project.appspot.com"
  },
  "client": [
    {
      "client_info": {
        "mobilesdk_app_id": "1:869927257766:android:d4da1c83715e434c",
        "android_client_info": {
          "package_name": "com.gigabytedevelopersinc.apps.sonshub"
        }
      },
      "oauth_client": [
        {
          "client_id": "869927257766-7n1gjp2e40eq411n2cqdisu3k98p524m.apps.googleusercontent.com",
          "client_type": 3
        }
      ],
      "api_key": [
        {
          "current_key": "AIzaSyCzWkx5Z4Rj_2Gh7GDCe5NcXVhSsKXy8uc"
        }
      ],
      "services": {
        "appinvite_service": {
          "other_platform_oauth_client": [
            {
              "client_id": "869927257766-7n1gjp2e40eq411n2cqdisu3k98p524m.apps.googleusercontent.com",
              "client_type": 3
            }
          ]
        }
      }
    }
  ],
  "configuration_version": "1"
}